BEGIN TRANSACTION;
CREATE TABLE achievements (id INTEGER PRIMARY KEY AUTOINCREMENT, user_id INTEGER NOT NULL REFERENCES users(id), title TEXT NOT NULL, description TEXT NOT NULL, awarded_at TEXT NOT NULL);
CREATE TABLE activity_logs (id INTEGER PRIMARY KEY AUTOINCREMENT, user_id INTEGER REFERENCES users(id), action TEXT NOT NULL, details TEXT NOT NULL, created_at TEXT NOT NULL);
INSERT INTO "activity_logs" VALUES(1,NULL,'seed','Создана предзаполненная SQLite-база','2026-06-05 12:00:00');
CREATE TABLE answers (id INTEGER PRIMARY KEY AUTOINCREMENT, attempt_id INTEGER NOT NULL REFERENCES attempts(id), question_id INTEGER NOT NULL REFERENCES questions(id), option_id INTEGER NOT NULL REFERENCES options(id), is_correct INTEGER NOT NULL, created_at TEXT NOT NULL);
CREATE TABLE articles (id INTEGER PRIMARY KEY AUTOINCREMENT, title TEXT NOT NULL, slug TEXT UNIQUE NOT NULL, body TEXT NOT NULL, published_at TEXT NOT NULL);
INSERT INTO "articles" VALUES(1,'Методика обучения через симуляции','methodology','Симулятор помогает закрепить знания через практические ситуации.','2026-06-05 12:00:00');
INSERT INTO "articles" VALUES(2,'Как устроен сценарий','scenario-design','Сценарий состоит из модулей, вопросов, вариантов действий и обратной связи.','2026-06-05 12:00:00');
INSERT INTO "articles" VALUES(3,'Роли пользователей','roles','Администратор управляет ресурсом, преподаватель анализирует результаты, студент проходит обучение.','2026-06-05 12:00:00');
CREATE TABLE attempts (id INTEGER PRIMARY KEY AUTOINCREMENT, user_id INTEGER NOT NULL REFERENCES users(id), scenario_id INTEGER NOT NULL REFERENCES scenarios(id), started_at TEXT NOT NULL, finished_at TEXT, score INTEGER NOT NULL DEFAULT 0, status TEXT NOT NULL DEFAULT 'started');
CREATE TABLE feedback (id INTEGER PRIMARY KEY AUTOINCREMENT, name TEXT NOT NULL, email TEXT NOT NULL, topic TEXT NOT NULL, message TEXT NOT NULL, status TEXT NOT NULL DEFAULT 'new', created_at TEXT NOT NULL);
CREATE TABLE generated_documents (id INTEGER PRIMARY KEY AUTOINCREMENT, user_id INTEGER NOT NULL REFERENCES users(id), doc_type TEXT NOT NULL, title TEXT NOT NULL, file_path TEXT NOT NULL, created_at TEXT NOT NULL);
CREATE TABLE modules (id INTEGER PRIMARY KEY AUTOINCREMENT, scenario_id INTEGER NOT NULL REFERENCES scenarios(id), title TEXT NOT NULL, content TEXT NOT NULL, sort_order INTEGER NOT NULL);
INSERT INTO "modules" VALUES(1,1,'Этап 1: анализ решения','Учебный этап 1: анализируется ситуация, выбирается действие и фиксируется результат.',1);
INSERT INTO "modules" VALUES(2,1,'Этап 2: анализ решения','Учебный этап 2: анализируется ситуация, выбирается действие и фиксируется результат.',2);
INSERT INTO "modules" VALUES(3,1,'Этап 3: анализ решения','Учебный этап 3: анализируется ситуация, выбирается действие и фиксируется результат.',3);
INSERT INTO "modules" VALUES(4,1,'Этап 4: анализ решения','Учебный этап 4: анализируется ситуация, выбирается действие и фиксируется результат.',4);
INSERT INTO "modules" VALUES(5,2,'Этап 1: анализ решения','Учебный этап 1: анализируется ситуация, выбирается действие и фиксируется результат.',1);
INSERT INTO "modules" VALUES(6,2,'Этап 2: анализ решения','Учебный этап 2: анализируется ситуация, выбирается действие и фиксируется результат.',2);
INSERT INTO "modules" VALUES(7,2,'Этап 3: анализ решения','Учебный этап 3: анализируется ситуация, выбирается действие и фиксируется результат.',3);
INSERT INTO "modules" VALUES(8,2,'Этап 4: анализ решения','Учебный этап 4: анализируется ситуация, выбирается действие и фиксируется результат.',4);
INSERT INTO "modules" VALUES(9,3,'Этап 1: анализ решения','Учебный этап 1: анализируется ситуация, выбирается действие и фиксируется результат.',1);
INSERT INTO "modules" VALUES(10,3,'Этап 2: анализ решения','Учебный этап 2: анализируется ситуация, выбирается действие и фиксируется результат.',2);
INSERT INTO "modules" VALUES(11,3,'Этап 3: анализ решения','Учебный этап 3: анализируется ситуация, выбирается действие и фиксируется результат.',3);
INSERT INTO "modules" VALUES(12,3,'Этап 4: анализ решения','Учебный этап 4: анализируется ситуация, выбирается действие и фиксируется результат.',4);
CREATE TABLE options (id INTEGER PRIMARY KEY AUTOINCREMENT, question_id INTEGER NOT NULL REFERENCES questions(id), text TEXT NOT NULL, is_correct INTEGER NOT NULL DEFAULT 0);
INSERT INTO "options" VALUES(1,1,'Провести анализ требований и определить критерии успеха',1);
INSERT INTO "options" VALUES(2,1,'Удалить старую систему без согласования',0);
INSERT INTO "options" VALUES(3,1,'Игнорировать тестирование',0);
INSERT INTO "options" VALUES(4,1,'Скрыть результаты от участников',0);
INSERT INTO "options" VALUES(5,2,'Провести анализ требований и определить критерии успеха',1);
INSERT INTO "options" VALUES(6,2,'Удалить старую систему без согласования',0);
INSERT INTO "options" VALUES(7,2,'Игнорировать тестирование',0);
INSERT INTO "options" VALUES(8,2,'Скрыть результаты от участников',0);
INSERT INTO "options" VALUES(9,3,'Провести анализ требований и определить критерии успеха',1);
INSERT INTO "options" VALUES(10,3,'Удалить старую систему без согласования',0);
INSERT INTO "options" VALUES(11,3,'Игнорировать тестирование',0);
INSERT INTO "options" VALUES(12,3,'Скрыть результаты от участников',0);
INSERT INTO "options" VALUES(13,4,'Провести анализ требований и определить критерии успеха',1);
INSERT INTO "options" VALUES(14,4,'Удалить старую систему без согласования',0);
INSERT INTO "options" VALUES(15,4,'Игнорировать тестирование',0);
INSERT INTO "options" VALUES(16,4,'Скрыть результаты от участников',0);
INSERT INTO "options" VALUES(17,5,'Провести анализ требований и определить критерии успеха',1);
INSERT INTO "options" VALUES(18,5,'Удалить старую систему без согласования',0);
INSERT INTO "options" VALUES(19,5,'Игнорировать тестирование',0);
INSERT INTO "options" VALUES(20,5,'Скрыть результаты от участников',0);
INSERT INTO "options" VALUES(21,6,'Провести анализ требований и определить критерии успеха',1);
INSERT INTO "options" VALUES(22,6,'Удалить старую систему без согласования',0);
INSERT INTO "options" VALUES(23,6,'Игнорировать тестирование',0);
INSERT INTO "options" VALUES(24,6,'Скрыть результаты от участников',0);
INSERT INTO "options" VALUES(25,7,'Провести анализ требований и определить критерии успеха',1);
INSERT INTO "options" VALUES(26,7,'Удалить старую систему без согласования',0);
INSERT INTO "options" VALUES(27,7,'Игнорировать тестирование',0);
INSERT INTO "options" VALUES(28,7,'Скрыть результаты от участников',0);
INSERT INTO "options" VALUES(29,8,'Провести анализ требований и определить критерии успеха',1);
INSERT INTO "options" VALUES(30,8,'Удалить старую систему без согласования',0);
INSERT INTO "options" VALUES(31,8,'Игнорировать тестирование',0);
INSERT INTO "options" VALUES(32,8,'Скрыть результаты от участников',0);
INSERT INTO "options" VALUES(33,9,'Провести анализ требований и определить критерии успеха',1);
INSERT INTO "options" VALUES(34,9,'Удалить старую систему без согласования',0);
INSERT INTO "options" VALUES(35,9,'Игнорировать тестирование',0);
INSERT INTO "options" VALUES(36,9,'Скрыть результаты от участников',0);
CREATE TABLE questions (id INTEGER PRIMARY KEY AUTOINCREMENT, scenario_id INTEGER NOT NULL REFERENCES scenarios(id), text TEXT NOT NULL, explanation TEXT NOT NULL, points INTEGER NOT NULL DEFAULT 10, sort_order INTEGER NOT NULL);
INSERT INTO "questions" VALUES(1,1,'Вопрос 1: какое действие является корректным?','Корректное действие начинается с анализа требований, рисков и критериев приемки.',10,1);
INSERT INTO "questions" VALUES(2,1,'Вопрос 2: какое действие является корректным?','Корректное действие начинается с анализа требований, рисков и критериев приемки.',10,2);
INSERT INTO "questions" VALUES(3,1,'Вопрос 3: какое действие является корректным?','Корректное действие начинается с анализа требований, рисков и критериев приемки.',10,3);
INSERT INTO "questions" VALUES(4,2,'Вопрос 1: какое действие является корректным?','Корректное действие начинается с анализа требований, рисков и критериев приемки.',10,1);
INSERT INTO "questions" VALUES(5,2,'Вопрос 2: какое действие является корректным?','Корректное действие начинается с анализа требований, рисков и критериев приемки.',10,2);
INSERT INTO "questions" VALUES(6,2,'Вопрос 3: какое действие является корректным?','Корректное действие начинается с анализа требований, рисков и критериев приемки.',10,3);
INSERT INTO "questions" VALUES(7,3,'Вопрос 1: какое действие является корректным?','Корректное действие начинается с анализа требований, рисков и критериев приемки.',10,1);
INSERT INTO "questions" VALUES(8,3,'Вопрос 2: какое действие является корректным?','Корректное действие начинается с анализа требований, рисков и критериев приемки.',10,2);
INSERT INTO "questions" VALUES(9,3,'Вопрос 3: какое действие является корректным?','Корректное действие начинается с анализа требований, рисков и критериев приемки.',10,3);
CREATE TABLE roles (id INTEGER PRIMARY KEY AUTOINCREMENT, code TEXT UNIQUE NOT NULL, name TEXT NOT NULL, description TEXT NOT NULL);
INSERT INTO "roles" VALUES(1,'admin','Администратор','Полный доступ к панели администратора и настройкам.');
INSERT INTO "roles" VALUES(2,'teacher','Преподаватель','Управление учебными сценариями и просмотр результатов.');
INSERT INTO "roles" VALUES(3,'student','Студент','Прохождение симуляторов, загрузка файлов, документы.');
CREATE TABLE scenarios (id INTEGER PRIMARY KEY AUTOINCREMENT, title TEXT NOT NULL, slug TEXT UNIQUE NOT NULL, difficulty TEXT NOT NULL, duration_minutes INTEGER NOT NULL, summary TEXT NOT NULL, learning_goal TEXT NOT NULL, is_public INTEGER NOT NULL DEFAULT 1);
INSERT INTO "scenarios" VALUES(1,'Симулятор внедрения информационной системы','is-implementation','Средний',25,'Игровой сценарий принятия управленческих решений при внедрении ИС.','Научиться выявлять требования, риски и показатели эффективности.',1);
INSERT INTO "scenarios" VALUES(2,'Симулятор реагирования на инцидент','incident-response','Сложный',30,'Сценарий по анализу инцидента, коммуникации и восстановлению сервиса.','Освоить последовательность действий при нарушении доступности сервиса.',1);
INSERT INTO "scenarios" VALUES(3,'Симулятор проектного бюджета','project-budget','Начальный',20,'Участник распределяет бюджет проекта между аналитикой, разработкой и тестированием.','Понять влияние управленческих решений на сроки и качество проекта.',1);
CREATE TABLE settings (id INTEGER PRIMARY KEY AUTOINCREMENT, key TEXT UNIQUE NOT NULL, value TEXT NOT NULL, description TEXT NOT NULL);
INSERT INTO "settings" VALUES(1,'site_name','EduSim','Название сетевого ресурса');
INSERT INTO "settings" VALUES(2,'author','Нилова Мария Олеговна','ФИО автора ВКР');
INSERT INTO "settings" VALUES(3,'support_email','support@edusim.local','Почта службы поддержки');
INSERT INTO "settings" VALUES(4,'max_upload_mb','8','Максимальный размер файла');
INSERT INTO "settings" VALUES(5,'default_language','ru','Язык интерфейса');
CREATE TABLE uploaded_files (id INTEGER PRIMARY KEY AUTOINCREMENT, user_id INTEGER NOT NULL REFERENCES users(id), original_name TEXT NOT NULL, saved_name TEXT NOT NULL, file_size INTEGER NOT NULL, uploaded_at TEXT NOT NULL);
CREATE TABLE users (id INTEGER PRIMARY KEY AUTOINCREMENT, username TEXT UNIQUE NOT NULL, password_hash TEXT NOT NULL, full_name TEXT NOT NULL, email TEXT NOT NULL, role_id INTEGER NOT NULL REFERENCES roles(id), created_at TEXT NOT NULL, is_active INTEGER NOT NULL DEFAULT 1);
INSERT INTO "users" VALUES(1,'admin','pbkdf2:sha256:1000000$edusimadmin$ef80ac2836076f39e5a0889bd482c4b71d192dbe96f14a182b48e803afa415ca','Нилова Мария Олеговна','admin@edusim.local',1,'2026-06-05 12:00:00',1);
INSERT INTO "users" VALUES(2,'teacher','pbkdf2:sha256:1000000$edusimteacher$be9ace5acd15dedd2a24bd84cd0a97d1af39a632b2493fa27b5fa81c60233238','Преподаватель демо','teacher@edusim.local',2,'2026-06-05 12:00:00',1);
INSERT INTO "users" VALUES(3,'student','pbkdf2:sha256:1000000$edusimstudent$42f44ca3fea957014f5e00de95958f2acf8625c931867d7bb9c287f976be66db','Студент демо','student@edusim.local',3,'2026-06-05 12:00:00',1);
DELETE FROM "sqlite_sequence";
INSERT INTO "sqlite_sequence" VALUES('roles',3);
INSERT INTO "sqlite_sequence" VALUES('users',3);
INSERT INTO "sqlite_sequence" VALUES('settings',5);
INSERT INTO "sqlite_sequence" VALUES('scenarios',3);
INSERT INTO "sqlite_sequence" VALUES('modules',12);
INSERT INTO "sqlite_sequence" VALUES('questions',9);
INSERT INTO "sqlite_sequence" VALUES('options',36);
INSERT INTO "sqlite_sequence" VALUES('articles',3);
INSERT INTO "sqlite_sequence" VALUES('activity_logs',1);
COMMIT;